Keyword/Keyword Phrase,Related Terms,Volume,CPC,URL
skip hire,skip hire prices,6800,4.5,https://www.skip-rental.co.uk/prices/
skip hire,skip hire prices,6800,4.5,https://www.anyjunk.co.uk/blog/random-rubbish/average-skip-hire-prices/
skip hire,skip hire prices,6800,4.5,https://householdquotes.co.uk/how-to-keep-down-your-skip-hire-costs/
skip hire,skip hire prices,6800,4.5,https://skiphire.services/prices/
skip hire,skip hire prices,6800,4.5,https://skiphirecomparison.co.uk/best-skip-hire-prices/
skip hire,skip hire prices,6800,4.5,https://groundskips.co.uk/skip-hire/skip-hire-prices/
skip hire,skip hire prices,6800,4.5,https://www.envirowaste.co.uk/skip-hire/
skip hire,skip hire prices,6800,4.5,https://www.hippowaste.co.uk/skip-hire/
skip hire,skip hire prices,6800,4.5,http://quotationcheck.com/skip-hire-costs/
skip hire,skip hire prices,6800,4.5,https://www.fixmyroof.co.uk/skip-hire-prices-cost/
skip hire,skip hire prices,6800,4.5,https://www.preston.gov.uk/yourservices/bins-and-recycling/skip-hire/
skip hire,skip hire prices,6800,4.5,https://www.bookaskip.co.uk/
skip hire,skip hire prices,6800,4.5,https://loveskiphire.co.uk/faq/skip-hire-prices/
skip hire,skip hire prices,6800,4.5,https://www.lkm.org.uk/skip-hire-guide/
skip hire,skip hire prices,6800,4.5,https://www.tigerskiphire.co.uk/areas-we-cover/skip-hire-dewsbury/
skip hire,skip hire prices,6800,4.5,https://www.proskips.co.uk/skip-hire-prices-cost-guide
skip hire,skip hire prices,6800,4.5,https://www.isl-wasteservices.co.uk/skip-hire/
skip hire,skip hire prices,6800,4.5,https://mannswaste.co.uk/
skip hire,skip hire prices,6800,4.5,https://norriskips.co.uk/skip-hire/kent/sidcup/
skip hire,skip hire prices,6800,4.5,https://www.amawaste.co.uk/skip-hire
skip hire,skip hire prices,6800,4.5,https://www.expertskiphire.co.uk/skip-hire-brighton
skip hire,skip hire prices,6800,4.5,https://www.expertskiphire.co.uk/skip-hire-lewes
skip hire,skip hire prices,6800,4.5,https://www.bourneskiphire.biz/spalding-skip-hire/
skip hire,skip hire prices,6800,4.5,https://www.batemanskips.co.uk/
skip hire,skip hire prices,6800,4.5,https://lathamskips.co.uk/
skip hire,skip hire prices,6800,4.5,http://www.lunnonwaste.com/skip-hire-brentwood.php
skip hire,skip hire prices,6800,4.5,https://www.njbrecycling.co.uk/chessington-skip-hire/
skip hire,skip hire prices,6800,4.5,http://www.ludlowskiphire.com/skip-hire-sizes.html
skip hire,skip hire prices,6800,4.5,https://abruntonskiphire.co.uk/
skip hire,skip hire prices,6800,4.5,http://www.bobstablerskiphire.com/
skip hire,skip hire prices,6800,4.5,https://www.poole.gov.uk/business-and-consumers/commercial-waste-and-skip-hire/
skip hire,skip hire prices,6800,4.5,https://www.caerphillyskips.co.uk/skip-prices-cardiff/
skip hire,skip hire prices,6800,4.5,https://www.edinburghskiphire.com/2018/11/19/848/
skip hire,skip hire prices,6800,4.5,https://www.normanwenn-skiphire.co.uk/
skip hire,skip hire prices,6800,4.5,https://tjctransport.co.uk/cheap-skip-hire.php
skip hire,skip hire prices,6800,4.5,https://www.lydneyskiphire.co.uk/
skip hire,skip hire prices,6800,4.5,https://www.coxskips.co.uk/
skip hire,skip hire prices,6800,4.5,https://www.mickgeorge.co.uk/skip-hire-in-kettering
skip hire,skip hire prices,6800,4.5,http://www.toddskips.co.uk/todd-skip-hire-ripon/
skip hire,skip hire prices,6800,4.5,https://www.bramptonskiphire.co.uk/
skip hire,skip hire,5900,4.5,https://www.skiphireuk.co.uk/
skip hire,skip hire,5900,4.5,https://www.mickgeorge.co.uk/skip-hire
skip hire,skip hire,5900,4.5,https://www.envirowaste.co.uk/skip-hire/
skip hire,skip hire,5900,4.5,https://www.hssskips.com/
skip hire,skip hire,5900,4.5,https://www.skiphirenetwork.com/
skip hire,skip hire,5900,4.5,https://www.biffa.co.uk/business-waste/our-services/skip-hire
skip hire,skip hire,5900,4.5,https://www.skiphiremagazine.co.uk/
skip hire,skip hire,5900,4.5,https://www.preston.gov.uk/yourservices/bins-and-recycling/skip-hire/
skip hire,skip hire,5900,4.5,https://www.amawaste.co.uk/skip-hire
skip hire,skip hire,5900,4.5,https://www.batemanskips.co.uk/
skip hire,skip hire,5900,4.5,https://www.isl-wasteservices.co.uk/skip-hire/
skip hire,skip hire,5900,4.5,https://www.arthursskips.co.uk/
skip hire,skip hire,5900,4.5,https://www.reconomy.com/services/skip-hire
skip hire,skip hire,5900,4.5,https://www.anyjunk.co.uk/blog/guides/skip-hire-guide/
skip hire,skip hire,5900,4.5,https://www.basingstokeskiphire.co.uk/
skip hire,skip hire,5900,4.5,https://www.rmsskips.com/
skip hire,skip hire,5900,4.5,http://www.mountainskiphire.co.uk/
skip hire,skip hire,5900,4.5,https://redditchskiphire.co.uk/
skip hire,skip hire,5900,4.5,https://www.colsontransport.co.uk/skip-hire/
skip hire,skip hire,5900,4.5,https://www.aceliftaway.co.uk/skip-hire
skip hire,skip hire,5900,4.5,https://www.bramptonskiphire.co.uk/
skip hire,skip hire,5900,4.5,https://www.mmskiphire.com/
skip hire,skip hire,5900,4.5,http://www.davidbrownskiphire.co.uk/
skip hire,skip hire,5900,4.5,https://www.expertskiphire.co.uk/
skip hire,skip hire,5900,4.5,https://www.clearabee.co.uk/skip-hire
skip hire,skip hire,5900,4.5,https://www.bourneskiphire.biz/
skip hire,skip hire,5900,4.5,https://www.pbdonoghue.com/skip-hire/4/
skip hire,skip hire,5900,4.5,https://www.pindenltd.co.uk/
skip hire,skip hire,5900,4.5,https://www.alansskips.co.uk/
skip hire,skip hire,5900,4.5,https://www.skiphireandrecycling.co.uk/
skip hire,skip hire,5900,4.5,https://www.rcollard.com/our-services/skip-hire
skip hire,skip hire,5900,4.5,https://abruntonskiphire.co.uk/
skip hire,skip hire,5900,4.5,https://www.nwrecycling.co.uk/
skip hire,skip hire,5900,4.5,https://curleyskiphire.co.uk/
skip hire,skip hire,5900,4.5,https://www.aasvogel.co.uk/skip-hire/locations-we-cover/hungerford-skip-hire/
skip hire,skip hire,5900,4.5,https://www.brownrecycling.co.uk/skip-hire/
skip hire,skip hire,5900,4.5,https://www.hirestation.co.uk/tool-hire/Building/Rubbish-Chute-Hire/NATSKIP/
skip hire,skip hire,5900,4.5,https://www.ardscontainers-skiphire.co.uk/
skip hire,skip hire,5900,4.5,https://www.restonwaste.co.uk/
skip hire,skip hire,5900,4.5,https://www.ptsskiphire.co.uk/
skip hire,skip hire near me,4000,4.5,https://skiphirecomparison.co.uk/
skip hire,skip hire near me,4000,4.5,https://www.skip-rental.co.uk/
skip hire,skip hire near me,4000,4.5,https://www.bookaskip.co.uk/
skip hire,skip hire near me,4000,4.5,https://www.hssskips.com/
skip hire,skip hire near me,4000,4.5,https://www.bramptonskiphire.co.uk/
skip hire,skip hire near me,4000,4.5,https://www.preston.gov.uk/yourservices/bins-and-recycling/skip-hire/
skip hire,skip hire near me,4000,4.5,https://www.envirowaste.co.uk/skip-hire/
skip hire,skip hire near me,4000,4.5,https://www.anyjunk.co.uk/skip-hire/
skip hire,skip hire near me,4000,4.5,https://www.anyjunk.co.uk/blog/guides/skip-hire-guide/
skip hire,skip hire near me,4000,4.5,https://lathamskips.co.uk/
skip hire,skip hire near me,4000,4.5,http://cheapskiphires.co.uk/
skip hire,skip hire near me,4000,4.5,https://www.njbrecycling.co.uk/local-skip-hire/
skip hire,skip hire near me,4000,4.5,https://www.njbrecycling.co.uk/purley-kenley-russell-hill-cr8-skip-hire/
skip hire,skip hire near me,4000,4.5,https://tjctransport.co.uk/cheap-skip-hire.php
skip hire,skip hire near me,4000,4.5,https://www.expertskiphire.co.uk/skip-hire-lewes
skip hire,skip hire near me,4000,4.5,https://www.batemanskips.co.uk/
skip hire,skip hire near me,4000,4.5,https://www.arthursskips.co.uk/
skip hire,skip hire near me,4000,4.5,https://www.pbdonoghue.com/company/skip-hire-edgware/155/
skip hire,skip hire near me,4000,4.5,https://www.lightbros.co.uk/skip-hire/
skip hire,skip hire near me,4000,4.5,https://www.basingstokeskiphire.co.uk/
skip hire,skip hire near me,4000,4.5,https://www.chambers-group.co.uk/domestic/skips
skip hire,skip hire near me,4000,4.5,https://www.hazellj.co.uk/skip-hire
skip hire,skip hire near me,4000,4.5,https://www.mickgeorge.co.uk/skip-hire-in-peterborough
skip hire,skip hire near me,4000,4.5,https://www.rabbitgroup.co.uk/skip_hire_from_rabbit.htm
skip hire,skip hire near me,4000,4.5,https://www.wastekingrubbishclearance.com/domestic/skip-hire/
skip hire,skip hire near me,4000,4.5,https://bspskiphire.co.uk/
skip hire,skip hire near me,4000,4.5,https://www.normanwenn-skiphire.co.uk/
skip hire,skip hire near me,4000,4.5,https://www.wellingtonwaste.co.uk/
skip hire,skip hire near me,4000,4.5,https://www.feelyskips.co.uk/skip-hire-worcester-park/
skip hire,skip hire near me,4000,4.5,http://www.wakefield.gov.uk/bins-and-environment/bins-and-recycling/specialist-services/skip-hire
skip hire,skip hire near me,4000,4.5,https://www.ableskips.co.uk/
skip hire,skip hire near me,4000,4.5,https://speedyskips.co.uk/
skip hire,skip hire near me,4000,4.5,https://jnskips.co.uk/
skip hire,skip hire near me,4000,4.5,https://www.kennyskiphire.co.uk/
skip hire,skip hire near me,4000,4.5,https://www.cherryhillwaste.com/
skip hire,skip hire near me,4000,4.5,https://mannswaste.co.uk/skip-hire-ilford/
skip hire,skip hire near me,4000,4.5,https://www.baldwinskip.co.uk/home
skip hire,skip hire near me,4000,4.5,https://abruntonskiphire.co.uk/
skip hire,skip hire near me,4000,4.5,https://www.wtskiphire.co.uk/
skip hire,skip hire near me,4000,4.5,https://pinkskipsmanchester.co.uk/
